{
  "entity": "cataclysm:amethyst_crab",
  "name": "Dynamo Amethtaur",
  "namevisible": true,
  "visualscale": 1.5,
  "experience": 530,
  "effects": {
        "minecraft:dolphins_grace": 3
  },
  "attributes": {
    "generic.max_health": 500,
    "generic.follow_range": 500,
    "generic.knockback_resistance": 10,
    "generic.attack_damage": 35
  },
  "customattributes": {
    "dropgear": 7
  },
  "gear": {
    "mainhand": "{id: \"cataclysm:zweiender\", Count: 1b, tag: {Damage: 0}}",
    "offhand": "{id: \"minecraft:budding_amethyst\", Count: 46b, tag: {Damage: 0}}",
    "chestplate": "{id: \"cataclysm:bloom_stone_pauldrons\", Count: 1b, tag: {Damage: 0}}",
    "helmet": "{id: \"cataclysm:blessed_amethyst_crab_meat\", Count: 14b, tag: {Damage: 0}}",
    "leggings": "{id: \"cataclysm:amethyst_crab_meat\", Count: 45b, tag: {Damage: 0}}",
    "feet": "{id: \"cataclysm:amethyst_crab_shell\", Count: 9b, tag: {Damage: 0}}"
  },
  "ai-goals": {
    "brutalbosses:aftercombatregen": {
      "amount": 10
    },
    "brutalbosses:whirldwind": {
      "healthinterval": "100-0",
      "attackdist": 1.0,
      "potiononhit": "minecraft:slowness",
      "potionduration": 200,
      "knockback": 4.0,
      "cooldown": 10,
      "knockup": true
    },
    "brutalbosses:itemshootgoal": {
      "healthinterval": "85-40",
      "projectile_count": 5,
      "projectile_interval": 300,
      "projectile_distance": 60,
      "projectile_speed": 3,
      "projectile_aoe": false,
      "projectilesize": 5.0,
      "item": "{id: \"minecraft:amethyst_shard\", Count: 1b}",
      "damage": 13,
      "teleport": false,
      "lightning": false,
      "explode": false
    },
    "brutalbosses:itemshootgoal1": {
      "healthinterval": "40-0",
      "projectile_count": 10,
      "projectile_interval": 300,
      "projectile_distance": 60,
      "projectile_speed": 5,
      "projectile_aoe": false,
      "projectilesize": 5.0,
      "item": "{id: \"minecraft:blue_stained_glass_pane\", Count: 1b}",
      "damage": 26,
      "teleport": false,
      "lightning": false,
      "explode": false
    },
    "brutalbosses:charge": {
      "healthinterval": "100-0",
      "projectile_count": 3,
      "projectile_interval": 600,
      "projectile_distance": 25,
      "projectile_speed": 1.0,
      "projectile_aoe": false
    }
  },
  "spawnatchest": {
    "minecraft:chests/shipwreck_supply": 15,
    "minecraft:chests/shipwreck_map": 15,
    "minecraft:chests/underwater_ruin_big": 15,
    "minecraft:chests/underwater_ruin_small": 15
  }
}