{
  "entity": "mutantmore:mutant_wither_skeleton",
  "name": "False Ignis",
  "namevisible": true,
  "visualscale": 1.5,
  "experience": 530,
  "effects": {
        "minecraft:haste": 1
  },
  "attributes": {
    "generic.max_health": 200,
    "generic.follow_range": 500,
    "generic.knockback_resistance": 10,
    "generic.attack_damage": 9
  },
  "customattributes": {
    "dropgear": 1
  },
  "gear": {
    "mainhand": "{id: \"cataclysm:final_fractal\", Count: 1b, tag: {Damage: 0}}",
    "offhand": "{id: \"cataclysm:bulwark_of_the_flame\", Count: 1b, tag: {Damage: 0}}",
    "chestplate": "{id: \"cataclysm:ignitium_chestplate\", Count: 1b, tag: {Damage: 0}}",
    "helmet": "{id: \"cataclysm:ignitium_helmet\", Count: 1b, tag: {Damage: 0}}",
    "leggings": "{id: \"cataclysm:ignitium_leggings\", Count: 1b, tag: {Damage: 0}}",
    "feet": "{id: \"cataclysm:ignitium_boots\", Count: 1b, tag: {Damage: 0}}"
  },
  "ai-goals": {
    "brutalbosses:aftercombatregen": {
      "amount": 10
    },
    "brutalbosses:charge": {
      "healthinterval": "100-0",
      "projectile_count": 3,
      "projectile_interval": 600,
      "projectile_distance": 25,
      "projectile_speed": 1.0,
      "projectile_aoe": false
    },
    "brutalbosses:lavarescue": {},
        "brutalbosses:temppotions": {
           "interval": 600,
           "duration": 10000,
           "healthinterval": "40-0",
           "potions": {
           "minecraft:glowing": 1,
           "minecraft:speed": 3
         }
         }
  },
  "spawnatchest": {
    "minecraft:chests/nether_bridge": 15,
    "minecraft:chests/bastion_bridge": 15
  }
}