{"stats":{"minecraft:used":{"minecraft:wooden_sword":2,"minecraft:crafting_table":1},"minecraft:crafted":{"minecraft:wooden_sword":1,"minecraft:oak_planks":16,"minecraft:crafting_table":1,"minecraft:stick":4,"minecraft:wooden_pickaxe":1},"minecraft:custom":{"minecraft:time_since_rest":5425,"minecraft:sprint_one_cm":28663,"minecraft:play_time":5425,"minecraft:walk_one_cm":10965,"minecraft:jump":26,"minecraft:leave_game":1,"minecraft:time_since_death":5425,"minecraft:total_world_time":5425,"minecraft:interact_with_crafting_table":2,"minecraft:fall_one_cm":687,"minecraft:fly_one_cm":16181},"minecraft:picked_up":{"minecraft:crafting_table":1,"doggytalents:rice_grains":1,"minecraft:oak_log":4},"minecraft:mined":{"minecraft:grass":2,"minecraft:oak_log":4,"minecraft:tall_grass":2,"regions_unexplored:medium_grass":1,"minecraft:crafting_table":1,"minecraft:oak_leaves":2,"minecraft:fern":1}},"DataVersion":3465}