{"stats":{"minecraft:dropped":{"minecraft:knowledge_book":16,"minecraft:wooden_pickaxe":1},"minecraft:mined":{"regions_unexplored:maple_log":7,"minecraft:crafting_table":1,"minecraft:grass":1,"regions_unexplored:oak_shrub":1,"minecraft:grass_block":4,"minecraft:dirt":2,"regions_unexplored:purple_coneflower":1,"minecraft:stone":34},"minecraft:killed":{"minecraft:skeleton":1},"minecraft:used":{"minecraft:stone_pickaxe":30,"regions_unexplored:purple_coneflower":2,"minecraft:wooden_pickaxe":4,"minecraft:stone_axe":1,"minecraft:dirt":2,"minecraft:crafting_table":2},"minecraft:picked_up":{"minecraft:crafting_table":1,"minecraft:stick":5,"regions_unexplored:oak_shrub":1,"minecraft:knowledge_book":4,"minecraft:dirt":15,"regions_unexplored:purple_coneflower":4,"minecraft:arrow":2,"minecraft:bone":1,"minecraft:wheat_seeds":1,"regions_unexplored:maple_log":7,"minecraft:cobblestone":34},"minecraft:crafted":{"minecraft:crafting_table":2,"minecraft:stick":4,"regions_unexplored:maple_planks":28,"minecraft:wooden_pickaxe":1,"minecraft:stone_pickaxe":1,"minecraft:stone_axe":1},"minecraft:custom":{"minecraft:time_since_rest":4836,"minecraft:sprint_one_cm":38554,"minecraft:damage_taken":570,"minecraft:walk_one_cm":46887,"minecraft:mob_kills":1,"minecraft:drop":17,"minecraft:damage_dealt":102,"minecraft:interact_with_crafting_table":4,"minecraft:swim_one_cm":1839,"minecraft:fly_one_cm":21265,"minecraft:crouch_one_cm":2624,"minecraft:play_time":12387,"tombstone:undead_killed":1,"minecraft:deaths":2,"minecraft:sneak_time":401,"minecraft:walk_under_water_one_cm":395,"minecraft:jump":47,"minecraft:leave_game":4,"minecraft:time_since_death":5247,"minecraft:walk_on_water_one_cm":252,"minecraft:total_world_time":12387,"minecraft:fall_one_cm":1699}},"DataVersion":3465}