{"stats":{"minecraft:killed":{"minecraft:sheep":1,"minecraft:chicken":3,"alexsmobs:bison":1,"minecraft:drowned":1,"minecraft:squid":2},"minecraft:custom":{"minecraft:time_since_rest":5708,"minecraft:interact_with_furnace":4,"minecraft:sprint_one_cm":86784,"minecraft:damage_taken":858,"minecraft:walk_one_cm":133361,"minecraft:mob_kills":8,"minecraft:drop":2,"minecraft:damage_dealt":1295,"minecraft:damage_dealt_absorbed":87,"minecraft:swim_one_cm":17688,"minecraft:interact_with_crafting_table":6,"minecraft:fly_one_cm":91614,"minecraft:open_barrel":3,"tombstone:undead_killed":1,"minecraft:crouch_one_cm":4153,"minecraft:play_time":26929,"minecraft:deaths":2,"minecraft:sneak_time":936,"minecraft:walk_under_water_one_cm":25464,"minecraft:jump":470,"minecraft:leave_game":1,"minecraft:walk_on_water_one_cm":13220,"minecraft:time_since_death":5911,"minecraft:climb_one_cm":1598,"minecraft:interact_with_smoker":1,"minecraft:total_world_time":26929,"minecraft:fall_one_cm":13411},"minecraft:crafted":{"minecraft:cooked_beef":4,"minecraft:oak_planks":36,"minecraft:crafting_table":1,"minecraft:stick":4,"minecraft:wooden_pickaxe":1,"minecraft:stone_pickaxe":1,"minecraft:stone_sword":1,"minecraft:furnace":1,"minecraft:torch":4,"minecraft:stone_axe":1,"minecraft:air":0},"minecraft:mined":{"minecraft:crafting_table":3,"minecraft:grass":2,"minecraft:coal_ore":5,"minecraft:oak_log":9,"minecraft:tall_grass":2,"regions_unexplored:medium_grass":1,"duneons:dungeonscharreddirt":1,"regions_unexplored:windswept_grass":1,"minecraft:stone":19,"minecraft:oak_planks":6},"minecraft:dropped":{"minecraft:wheat_seeds":1,"minecraft:wooden_pickaxe":1},"minecraft:used":{"minecraft:writable_book":1,"minecraft:stone_sword":8,"minecraft:stone_pickaxe":19,"minecraft:oak_planks":9,"minecraft:wooden_pickaxe":6,"minecraft:stone_axe":21,"minecraft:torch":1,"minecraft:crafting_table":4,"minecraft:furnace":1,"minecraft:cooked_beef":3,"tombstone:gift":1},"minecraft:picked_up":{"duneons:dungeonscharreddirt":1,"minecraft:stick":4,"minecraft:crafting_table":3,"minecraft:feather":6,"minecraft:chicken":3,"alexsmobs:bison_fur":1,"minecraft:oak_log":9,"minecraft:ink_sac":1,"minecraft:wheat_seeds":1,"minecraft:beef":8,"minecraft:oak_sapling":3,"minecraft:mutton":2,"minecraft:oak_planks":6,"minecraft:coal":5,"minecraft:white_wool":1,"minecraft:cobblestone":19}},"DataVersion":3465}