{"stats":{"minecraft:custom":{"minecraft:jump":48,"minecraft:time_since_rest":1,"minecraft:damage_dealt":30,"minecraft:deaths":1,"minecraft:damage_taken":300,"minecraft:sprint_one_cm":7940,"minecraft:play_time":2965,"minecraft:walk_on_water_one_cm":1100,"minecraft:time_since_death":191,"minecraft:walk_one_cm":7597,"minecraft:climb_one_cm":452,"minecraft:total_world_time":2965,"minecraft:walk_under_water_one_cm":421,"minecraft:swim_one_cm":972,"minecraft:fall_one_cm":1639,"minecraft:fly_one_cm":8097}},"DataVersion":3465}