{"stats":{"minecraft:killed":{"minecraft:chicken":2,"minecraft:squid":2},"minecraft:custom":{"minecraft:time_since_rest":16694,"minecraft:sprint_one_cm":43107,"minecraft:damage_taken":7,"minecraft:walk_one_cm":92680,"minecraft:mob_kills":4,"minecraft:drop":1,"minecraft:damage_dealt":280,"minecraft:damage_dealt_absorbed":27,"minecraft:swim_one_cm":2012,"minecraft:interact_with_crafting_table":3,"minecraft:fly_one_cm":21377,"minecraft:open_barrel":3,"minecraft:crouch_one_cm":1577,"minecraft:play_time":16694,"minecraft:sneak_time":390,"minecraft:walk_under_water_one_cm":11008,"minecraft:jump":227,"minecraft:leave_game":1,"minecraft:time_since_death":16694,"minecraft:walk_on_water_one_cm":6377,"minecraft:total_world_time":16694,"minecraft:interact_with_smoker":1,"minecraft:climb_one_cm":1598,"minecraft:fall_one_cm":8151},"minecraft:crafted":{"minecraft:oak_planks":36,"minecraft:crafting_table":1,"minecraft:stick":4,"minecraft:wooden_pickaxe":1,"minecraft:stone_pickaxe":1,"minecraft:stone_axe":1},"minecraft:mined":{"minecraft:crafting_table":3,"minecraft:grass":2,"minecraft:oak_log":9,"minecraft:tall_grass":1,"minecraft:stone":6,"minecraft:oak_planks":1},"minecraft:dropped":{"minecraft:wooden_pickaxe":1},"minecraft:used":{"minecraft:writable_book":1,"minecraft:oak_planks":1,"minecraft:wooden_pickaxe":6,"minecraft:stone_axe":9,"minecraft:crafting_table":3},"minecraft:picked_up":{"minecraft:stick":4,"minecraft:crafting_table":3,"minecraft:feather":4,"minecraft:chicken":2,"minecraft:oak_log":9,"minecraft:ink_sac":1,"minecraft:oak_sapling":3,"minecraft:oak_planks":1,"minecraft:cobblestone":6}},"DataVersion":3465}